Config,16,32,Steps
Base_Long,0.2299917471408844,0.16623778959115343,5999
Deep_Backbone,0.230713605483373,0.15373196045557652,2999
Deep_Interface,0.263905300895373,0.19007773876190184,2999
